CON,RA,DEC
ORI,4.843611,8.9000
ORI,4.830833,6.9500
ORI,4.853611,5.6000
ORI,4.904167,2.4500
ORI,4.975833,1.7167
ORI,5.418889,6.3500
ORI,5.533611,-0.3000
ORI,5.408056,-2.3833
ORI,5.293333,-6.8500
ORI,5.242222,-8.2000
ORI,5.796111,-9.6667
ORI,5.679444,-1.9500
ORI,5.919444,7.4000
ORI,5.585556,9.9333
ORI,5.418889,6.3500
ORI,,
ORI,5.679444,-1.9500
ORI,5.603333,-1.2000
ORI,5.533611,-0.3000
ORI,,
ORI,5.919444,7.4000
ORI,6.039722,9.6500
ORI,6.126389,14.7667
ORI,5.906389,20.2667
ORI,,
ORI,6.039722,9.6500
ORI,6.198889,14.2167
ORI,6.065278,20.1333
ORI,,
GEM,7.576667,31.8833
GEM,7.485278,31.7833
GEM,7.185833,30.2500
GEM,6.732222,25.1333
GEM,6.382778,22.5167
GEM,6.247778,22.5000
GEM,,
GEM,6.732222,25.1333
GEM,6.482778,20.2167
GEM,,
GEM,7.740833,24.4000
GEM,7.598889,26.9000
GEM,7.428889,27.8000
GEM,7.185833,30.2500
GEM,6.879722,33.9667
GEM,,
GEM,7.755278,28.0167
GEM,7.598889,26.9000
GEM,7.335278,21.9833
GEM,7.068611,20.5667
GEM,6.628611,16.4000
GEM,,
GEM,7.335278,21.9833
GEM,7.301667,16.5333
GEM,6.755000,12.9000
GEM,,
CNC,8.778333,28.7667
CNC,8.721389,21.4667
CNC,8.744722,18.1500
CNC,8.275278,9.2000
CNC,8.084444,13.1167
CNC,8.721389,21.4667
CNC,,
CNC,8.744722,18.1500
CNC,8.974722,11.8667
CNC,,
CMI,7.655000,5.2333
CMI,7.452500,8.2833
CMI,,
CMA,6.935833,-17.0500
CMA,6.903333,-12.0500
CMA,7.062500,-15.6333
CMA,6.935833,-17.0500
CMA,6.752500,-16.7167
CMA,6.631667,-18.2333
CMA,6.611389,-19.2500
CMA,6.378333,-17.9500
CMA,,
CMA,6.752500,-16.7167
CMA,7.050556,-23.8333
CMA,7.140000,-26.4000
CMA,6.977222,-28.9667
CMA,6.902222,-24.2000
CMA,6.611389,-19.2500
CMA,6.530833,-23.4167
CMA,,
CMA,7.140000,-26.4000
CMA,7.246667,-26.7667
CMA,7.401389,-29.3000
CMA,,
CMA,6.977222,-28.9667
CMA,6.338333,-30.0667
CMA,,
CMA,6.977222,-28.9667
CMA,6.830556,-32.5167
CMA,,
MON,6.682778,9.8833
MON,6.548333,7.3333
MON,6.396111,4.6000
MON,6.797778,2.4000
MON,7.197500,-0.5000
MON,8.020278,-1.4000
MON,8.143333,-2.9833
MON,,
MON,6.548333,7.3333
MON,6.797778,2.4000
MON,,
MON,8.020278,-1.4000
MON,7.687500,-9.5500
MON,,
MON,7.197500,-0.5000
MON,6.480278,-7.0333
MON,6.247778,-6.2833
MON,,
LEP,5.215556,-16.2000
LEP,5.545556,-17.8333
LEP,5.782500,-14.8333
LEP,5.940000,-14.1667
LEP,6.102778,-14.9500
LEP,5.855278,-20.8667
LEP,5.741111,-22.4500
LEP,5.470833,-20.7500
LEP,5.545556,-17.8333
LEP,,
LEP,5.470833,-20.7500
LEP,5.091111,-22.3667
LEP,5.215556,-16.2000
LEP,,
LEP,5.215556,-16.2000
LEP,5.326111,-13.1833
LEP,,
LEP,5.215556,-16.2000
LEP,5.220556,-12.9500
LEP,,
SEX,10.132222,-0.37
SEX,10.505000,-0.63
SEX,9.875000,-8.10
SEX,10.132222,-0.37
SEX,,
PYX,8.668333,-35.3000
PYX,8.726389,-33.2000
PYX,8.842222,-27.7000
PYX,,
TRI,1.884722,29.5833
TRI,2.158889,34.9833
TRI,2.288611,33.8500
TRI,1.884722,29.5833
TRI,,
ARI,1.891944,19.2833
ARI,1.910833,20.8000
ARI,2.119444,23.4500
ARI,2.833056,27.2667
ARI,,
LEO,11.817778,14.5667
LEO,11.235000,20.5167
LEO,11.038889,20.1833
LEO,10.333056,19.8500
LEO,10.278333,23.4167
LEO,9.879444,26.0167
LEO,9.410833,26.1833
LEO,9.528611,22.9833
LEO,9.764167,23.7667
LEO,10.122222,16.7667
LEO,11.237500,15.4333
LEO,11.235000,20.5167
LEO,,
LEO,9.764167,23.7667
LEO,9.879444,26.0167
LEO,,
LEO,9.685833,9.9000
LEO,10.122222,16.7667
LEO,10.139444,11.9667
LEO,10.131667,10.0000
LEO,,
LEO,10.546944,9.3000
LEO,11.237500,15.4333
LEO,11.398889,10.5333
LEO,11.352222,6.0333
LEO,,
LMI,10.464722,36.7000
LMI,10.888333,34.2167
LMI,10.123889,35.2500
LMI,10.464722,36.7000
LMI,,
LYN,9.350833,34.4000
LYN,9.313889,36.8167
LYN,8.380556,43.2000
LYN,7.445278,49.2167
LYN,6.954444,58.4167
LYN,6.326944,59.0167
LYN,,
VIR,11.764167,6.5167
VIR,11.845000,1.7667
VIR,12.331667,-0.6667
VIR,12.694444,-1.4500
VIR,12.926667,3.3833
VIR,13.036389,10.9667
VIR,,
VIR,12.694444,-1.4500
VIR,13.165833,-5.5333
VIR,13.419722,-11.1500
VIR,14.266944,-6.0000
VIR,14.717500,-5.6500
VIR,,
VIR,13.165833,-5.5333
VIR,13.578333,-0.6000
VIR,14.027222,1.5500
VIR,14.770833,1.9000
VIR,,
VEL,10.779444,-49.4333
VEL,9.511667,-40.4667
VEL,9.133333,-43.4333
VEL,8.158889,-47.3500
VEL,8.745278,-54.7167
VEL,9.368611,-55.0167
VEL,9.947778,-54.5833
VEL,10.779444,-49.4333
VEL,,
CEN,14.660000,-60.8333
CEN,14.063889,-60.3667
CEN,13.664722,-53.4667
CEN,13.925556,-47.3000
CEN,13.978056,-44.8000
CEN,13.826944,-42.4833
CEN,13.825000,-41.6833
CEN,14.111389,-36.3833
CEN,,
CEN,14.985833,-42.1000
CEN,14.591667,-42.1500
CEN,13.826944,-42.4833
CEN,13.343056,-36.7167
CEN,,
CEN,13.925556,-47.3000
CEN,12.691944,-48.9667
CEN,12.467500,-50.2333
CEN,12.139167,-50.7167
CEN,11.350278,-54.5000
CEN,11.596389,-63.0167
CEN,,
CRT,11.611389,-9.8000
CRT,11.410278,-10.8667
CRT,11.322222,-14.7667
CRT,10.996111,-18.3000
CRT,11.194167,-22.8333
CRT,11.414722,-17.6833
CRT,11.746111,-18.3500
CRT,11.933611,-17.1500
CRT,,
CRT,11.414722,-17.6833
CRT,11.322222,-14.7667
ANT,,
ANT,10.945278,-37.1333
ANT,10.452778,-31.0833
ANT,9.736667,-27.7667
ANT,9.487500,-35.9500
ANT,10.452778,-31.0833
ANT,,
HYA,14.106389,-26.6833
HYA,13.315278,-23.1833
HYA,11.881667,-33.9000
HYA,11.550000,-31.8500
HYA,10.826944,-16.1833
HYA,10.434722,-16.8500
HYA,10.176389,-12.3667
HYA,9.858056,-14.8500
HYA,9.459722,-8.6667
HYA,9.664167,-1.1333
HYA,9.239444,2.3167
HYA,8.923333,5.9500
HYA,8.779722,6.4167
HYA,8.627778,5.7000
HYA,8.646111,3.3500
HYA,8.720556,3.3833
HYA,8.923333,5.9500
HYA,,
PUP,8.125833,-24.3000
PUP,7.821389,-24.8667
PUP,8.059722,-40.0000
PUP,7.285833,-37.1000
PUP,7.487222,-43.3000
PUP,8.059722,-40.0000
PUP,,
PUP,7.487222,-43.3000
PUP,7.226678,-44.6500
PUP,6.629444,-43.1833
PUP,6.832222,-50.6167
PUP,7.226678,-44.6500
PUP,,
COL,6.368611,-33.4333
COL,5.959167,-35.2833
COL,5.849444,-35.7667
COL,5.660833,-34.0833
COL,5.520278,-35.4833
COL,,
COL,5.849444,-35.7667
COL,5.985833,-42.8167
COL,,
CAR,6.399167,-52.6833
CAR,7.946389,-52.9833
CAR,8.375278,-59.5000
CAR,9.285000,-59.2667
CAR,10.284716,-61.3167
CAR,10.533740,-61.6833
CAR,10.715833,-64.3833
CAR,10.229167,-70.0333
CAR,9.220000,-69.7167
CAR,9.785000,-65.0667
CAR,9.754167,-62.5167
CAR,9.285000,-59.2667
CAR,,
CAS,1.906667,63.6833
CAS,1.430278,60.2333
CAS,0.945000,60.7167
CAS,0.675278,56.5333
CAS,,
CAS,0.945000,60.7167
CAS,0.550000,62.9333
CAS,0.152778,59.1500
CAS,,
PIC,6.803333,-61.9333
PIC,5.830556,-56.1500
PIC,5.788056,-51.0667
PIC,6.171667,-54.9667
PIC,6.803333,-61.9333
PIC,,
DOR,4.266944,-51.4833
DOR,4.566667,-55.0500
DOR,5.091944,-57.4833
DOR,5.560278,-62.4833
DOR,5.746389,-65.7333
DOR,,
AND,0.139722,29.0833
AND,0.655556,30.8667
AND,1.162222,35.6167
AND,0.945833,38.5000
AND,0.830278,41.0833
AND,1.158333,47.2500
AND,1.633056,48.6167
AND,,
AND,0.614722,33.7167
AND,1.162222,35.6167
AND,1.613333,41.4000
AND,2.064722,42.3333
AND,,
AND,0.953611,23.4167
AND,0.788889,24.2667
AND,0.642500,29.3167
AND,0.655556,30.8667
AND,0.614722,33.7167
AND,0.305556,36.7833
AND,0.285000,38.6833
AND,23.635556,43.2667
AND,,
AND,23.031944,42.3167
AND,23.635556,43.2667
AND,23.673611,44.3333
AND,23.626111,46.4667
AND,,
TAU,3.413611,9.0333
TAU,3.452778,9.7333
TAU,4.011111,12.4833
TAU,4.330000,15.6167
TAU,4.477778,15.8667
TAU,4.598611,16.5000
TAU,5.627500,21.1500
TAU,,
TAU,5.438056,28.6000
TAU,4.476944,19.1833
TAU,4.382222,17.5333
TAU,4.330000,15.6167
TAU,,
TAU,4.476944,19.1833
TAU,3.791389,24.1167
TAU,,
AUR,5.992222,54.2833
AUR,5.992222,44.9500
AUR,5.278056,46.0000
AUR,5.992222,54.2833
AUR,,
AUR,5.278056,46.0000
AUR,5.032778,43.8333
AUR,5.041389,41.0833
AUR,4.950000,33.1500
AUR,5.438056,28.6000
AUR,5.995278,37.2000
AUR,5.992222,44.9500
AUR,,
HOR,4.233333,-42.2833
HOR,2.709167,-50.8000
HOR,2.623333,-52.5500
HOR,2.677778,-54.5500
HOR,,
CAE,5.073611,-35.4833
CAE,4.700833,-37.1333
CAE,4.675833,-41.8667
CAE,4.513889,-44.9500
CAE,,
SCL,0.976667,-29.3667
SCL,23.815278,-28.1333
SCL,23.313889,-32.5333
SCL,23.549722,-37.8167
SCL,0.465278,-33.0167
SCL,0.976667,-29.3667
SCL,,
CET,2.658056,0.3333
CET,2.322500,-2.9833
CET,1.857500,-10.3333
CET,1.400278,-8.1833
CET,0.323889,-8.8333
CET,0.726389,-17.9833
CET,2.000278,-21.0833
CET,2.658056,0.3333
CET,2.721667,3.2333
CET,3.038056,4.1000
CET,2.995278,8.9167
CET,2.748889,10.1167
CET,2.469167,8.4667
CET,2.721667,3.2333
CET,,
CET,0.726389,-17.9833
CET,1.734444,-15.9333
CET,,
FOR,3.201111,-28.9833
FOR,2.818056,-32.4167
FOR,2.075000,-29.3000
FOR,,
PHE,0.438056,-42.3000
PHE,0.436667,-43.6833
PHE,1.101389,-46.7167
PHE,1.472500,-43.3167
PHE,1.520833,-49.0833
PHE,1.101389,-46.7167
PHE,,
PHE,0.436667,-43.6833
PHE,1.139722,-55.2500
PHE,0.722500,-57.4667
PHE,,
PHE,0.436667,-43.6833
PHE,0.156667,-45.7500
PHE,23.584722,-42.6167
PHE,23.787778,-50.2333
PHE,0.156667,-45.7500
PHE,,
CAM,4.954722,53.7667
CAM,5.056944,60.4500
CAM,4.900833,66.3333
CAM,3.839444,71.3167
CAM,,
CAM,4.900833,66.3333
CAM,6.314103,69.3167
CAM,7.001121,76.9667
CAM,,
ERI,1.628333,-57.2500
ERI,1.932500,-51.6000
ERI,2.275000,-51.5167
ERI,2.449722,-47.7000
ERI,2.677778,-39.8500
ERI,2.970833,-40.3000
ERI,4.298333,-33.8000
ERI,4.400556,-34.0167
ERI,4.592500,-30.5667
ERI,4.558333,-29.7667
ERI,3.998889,-24.0167
ERI,3.895000,-24.6000
ERI,3.780833,-23.2500
ERI,3.563056,-21.6333
ERI,3.325278,-21.7500
ERI,3.040000,-23.6167
ERI,2.850556,-21.0000
ERI,2.751667,-18.5833
ERI,2.940278,-8.9000
ERI,3.263889,-8.8167
ERI,3.548889,-9.4667
ERI,3.720556,-9.7667
ERI,3.769167,-12.1000
ERI,3.967222,-13.5167
ERI,4.197778,-6.8333
ERI,4.605278,-3.3500
ERI,4.758333,-3.2500
ERI,5.130833,-5.0833
ERI,,
PEG,0.139722,29.0833
PEG,23.063056,28.0833
PEG,22.716667,30.2167
PEG,22.166667,33.1667
PEG,,
PEG,0.139722,29.0833
PEG,0.220556,15.1833
PEG,23.079444,15.2000
PEG,23.063056,28.0833
PEG,22.833611,24.6000
PEG,22.775556,23.5667
PEG,22.116667,25.3333
PEG,21.744167,25.6500
PEG,,
PEG,23.079444,15.2000
PEG,22.690833,10.8333
PEG,22.170000,6.2000
PEG,21.736389,9.8833
PEG,,
PER,2.845000,55.9000
PER,2.904444,52.7667
PER,3.080000,53.5000
PER,,
PER,2.904444,52.7667
PER,3.151111,49.6167
PER,3.405556,49.8500
PER,,
PER,2.845000,55.9000
PER,3.080000,53.5000
PER,3.405556,49.8500
PER,3.509444,48.0000
PER,3.753333,42.5833
PER,3.964167,40.0000
PER,3.982500,35.7833
PER,3.902222,31.8833
PER,3.738611,32.2833
PER,,
PER,3.405556,49.8500
PER,3.608333,48.2000
PER,3.715278,47.7833
PER,4.144444,47.7167
PER,4.248333,48.4000
PER,4.109722,50.3500
PER,,
PER,3.151111,49.6167
PER,3.158333,44.8667
PER,3.136389,40.9500
PER,3.964167,40.0000
PER,,
PER,3.136389,40.9500
PER,3.086389,38.8333
PER,2.843056,38.3167
PER,,
PER,3.151111,49.6167
PER,2.736667,49.2167
PER,1.727500,50.6833
PER,,
PSC,1.229167,24.5833
PSC,1.194444,30.1000
PSC,1.324444,27.2667
PSC,1.229167,24.5833
PSC,1.524722,15.3500
PSC,1.756667,9.1500
PSC,2.033889,2.7667
PSC,1.892778,3.2000
PSC,1.690556,5.4833
PSC,1.048889,7.8833
PSC,0.811389,7.5833
PSC,23.988611,6.8667
PSC,23.665833,5.6333
PSC,23.466111,6.3833
PSC,23.286111,3.2833
PSC,23.448889,1.2500
PSC,23.700833,1.7833
PSC,23.665833,5.6333
PSC,,
PSC,23.286111,3.2833
PSC,23.064444,3.8167
PSC,,
UMA,13.792222,49.3167
UMA,13.398889,54.9333
UMA,12.900556,55.9500
UMA,12.257222,57.0333
UMA,11.062222,61.7500
UMA,9.525556,63.0667
UMA,8.504444,60.7167
UMA,8.986944,48.0333
UMA,9.060278,47.1500
UMA,10.371944,41.5000
UMA,11.303056,31.5333
UMA,11.308056,33.0833
UMA,11.161111,44.4833
UMA,11.767500,47.7833
UMA,13.792222,49.3167
UMA,,
UMA,12.257222,57.0333
UMA,11.896944,53.7000
UMA,11.030833,56.3833
UMA,11.062222,61.7500
UMA,,
UMA,9.525556,63.0667
UMA,9.849722,59.0500
UMA,9.868333,54.0667
UMA,9.547500,51.6833
UMA,10.285000,42.9167
UMA,10.371944,41.5000
UMA,,
UMI,2.520278,89.2500
UMI,17.536389,86.5833
UMI,16.766111,82.0333
UMI,15.734167,77.8000
UMI,16.291667,75.7500
UMI,15.345556,71.8333
UMI,14.845278,74.1500
UMI,15.734167,77.8000
UMI,,
CEP,23.655556,77.6167
CEP,22.828056,66.2000
CEP,22.180833,58.2000
CEP,21.309722,62.5833
CEP,21.477500,70.5500
CEP,23.655556,77.6167
CEP,,
CEP,21.477500,70.5500
CEP,22.828056,66.2000
CEP,,
CHA,8.308889,-76.9167
CHA,10.591111,-78.6000
CHA,12.305556,-79.3000
CHA,10.763056,-80.5500
CHA,8.344167,-77.4833
CHA,8.308889,-76.9167
CHA,,
CIR,15.389722,-59.3333
CIR,14.708333,-64.9667
CIR,15.291944,-58.8000
CIR,,
COM,13.166389,17.5167
COM,13.197778,27.8833
COM,12.448889,28.2667
COM,,
CRA,18.556389,-38.7333
CRA,18.729444,-38.3167
CRA,18.978889,-37.1000
CRA,19.106944,-37.0500
CRA,19.157778,-37.9167
CRA,19.167222,-39.3333
CRA,19.138889,-40.5000
CRA,19.051944,-42.1000
CRA,18.814167,-43.6667
CRA,18.558333,-42.3167
CRA,,
CRB,15.548889,31.3667
CRB,15.463611,29.1000
CRB,15.578056,26.7167
CRB,15.712500,26.3000
CRB,15.826667,26.0667
CRB,15.959722,26.8833
CRB,16.023889,29.8500
CRB,,
CRU,12.795556,-59.7000
CRU,12.252500,-58.7500
CRU,,
CRU,12.519444,-57.1167
CRU,12.443333,-63.1000
CRU,,
CRV,12.140000,-24.7167
CRV,12.168889,-22.6167
CRV,12.263611,-17.5333
CRV,12.497500,-16.5167
CRV,12.573056,-23.4000
CRV,12.168889,-22.6167
CRV,,
CVN,12.933889,38.3167
CVN,12.562500,41.3500
CVN,,
CYG,19.512500,27.9667
CYG,19.842500,32.9167
CYG,19.983611,35.0833
CYG,20.370278,40.2500
CYG,20.690556,45.2667
CYG,,
CYG,21.215556,30.2333
CYG,20.770278,33.9667
CYG,20.370278,40.2500
CYG,19.749444,45.1333
CYG,19.495000,51.7333
CYG,,
DEL,20.553611,11.3000
DEL,20.625833,14.6000
DEL,20.660833,15.9167
DEL,20.777500,16.1333
DEL,20.724167,15.0833
DEL,20.625833,14.6000
DEL,,
DRA,11.523333,69.3333
DRA,12.558056,69.7833
DRA,14.073333,64.3667
DRA,15.415556,58.9667
DRA,16.031667,58.5667
DRA,16.399722,61.5000
DRA,17.146667,65.7167
DRA,18.351111,72.7333
DRA,19.259167,73.3500
DRA,19.802778,70.2667
DRA,19.209167,67.6667
DRA,17.892222,56.8667
DRA,17.536111,55.1833
DRA,17.507222,52.3167
DRA,17.943333,51.4833
DRA,17.892222,56.8667
DRA,,
EQU,21.263889,5.2500
EQU,21.241389,10.0000
EQU,21.172500,10.1333
EQU,,
GRU,22.137222,-46.9667
GRU,22.711111,-46.8833
GRU,23.172500,-45.2500
GRU,,
GRU,23.014722,-52.7500
GRU,22.809167,-51.3167
GRU,22.711111,-46.8833
GRU,22.487778,-43.4833
GRU,22.260278,-41.3500
GRU,22.101667,-39.5500
GRU,21.898889,-37.3667
GRU,,
HER,17.250833,36.8000
HER,16.715000,38.9333
HER,16.688056,31.6000
HER,17.005000,30.9167
HER,17.250833,36.8000
HER,17.394722,37.1333
HER,17.937500,37.2500
HER,17.657500,46.0167
HER,16.328889,46.3167
HER,16.146111,44.9333
HER,16.568333,42.4500
HER,17.657500,46.0167
HER,,
HER,17.005000,30.9167
HER,16.503611,21.4833
HER,16.365556,19.1500
HER,,
HER,17.005000,30.9167
HER,17.774444,27.7333
HER,17.512222,26.1000
HER,17.250556,24.8333
HER,17.244167,14.3833
HER,,
HER,17.774444,27.7333
HER,17.962778,29.2500
HER,17.250833,36.8000
HER,,
HER,17.962778,29.2500
HER,18.125556,28.7667
HER,18.146111,20.8167
HER,18.395000,21.7667
HER,18.760833,20.5500
HER,18.783611,18.1833
HER,,
HYI,0.429167,-77.2500
HYI,3.787222,-74.2500
HYI,2.659722,-68.2667
HYI,2.362500,-68.6667
HYI,1.979444,-61.5667
HYI,,
IND,20.626111,-47.2833
IND,21.330833,-53.4500
IND,21.965278,-54.9833
IND,,
IND,21.330833,-53.4500
IND,20.913611,-58.4500
IND,,
LAC,22.492222,47.7167
LAC,22.521389,50.2833
LAC,22.392778,52.2333
LAC,22.408611,49.4667
LAC,22.492222,47.7167
LAC,22.675278,44.2667
LAC,22.508056,43.1333
LAC,22.350556,46.5333
LAC,22.492222,47.7167
LAC,,
LAC,22.508056,43.1333
LAC,22.266389,37.7500
LAC,,
LIB,15.067778,-25.2833
LIB,14.848056,-16.0500
LIB,15.283333,-9.3833
LIB,15.592222,-14.7833
LIB,15.616944,-28.1333
LIB,15.644444,-29.7833
LIB,,
LIB,15.592222,-14.7833
LIB,14.848056,-16.0500
LIB,,
LUP,14.698889,-47.4000
LUP,15.204722,-52.1000
LUP,15.377778,-44.7000
LUP,15.585833,-41.1667
LUP,16.002222,-38.4000
LUP,16.109722,-36.8000
LUP,15.849167,-33.6167
LUP,15.363611,-36.2667
LUP,15.356111,-40.6500
LUP,14.975556,-43.1333
LUP,14.698889,-47.4000
LUP,14.323333,-46.0667
LUP,,
LYR,18.615556,38.7833
LYR,18.746389,37.6000
LYR,18.908333,36.9000
LYR,18.982222,32.6833
LYR,18.834444,33.3667
LYR,18.746389,37.6000
LYR,,
MEN,6.170833,-74.7500
MEN,5.531389,-76.3500
MEN,4.919722,-74.9333
MEN,5.045278,-71.3167
MEN,,
MIC,20.832778,-33.7833
MIC,21.021667,-32.2667
MIC,21.299167,-32.1667
MIC,21.346111,-40.8167
MIC,20.808056,-43.9833
MIC,20.832778,-33.7833
MIC,,
MUS,11.760000,-66.7167
MUS,12.292778,-67.9500
MUS,12.619722,-69.1333
MUS,12.771389,-68.1167
MUS,13.037778,-71.5500
MUS,12.541111,-72.1333
MUS,12.619722,-69.1333
MUS,,
NOR,16.108056,-45.1667
NOR,16.053611,-49.2333
NOR,16.330556,-50.1667
NOR,16.453056,-47.5667
NOR,16.108056,-45.1667
NOR,,
OCT,22.767500,-81.3833
OCT,14.448889,-83.6667
OCT,21.691389,-77.3833
OCT,22.767500,-81.3833
OCT,,
OPH,17.582222,12.5667
OPH,16.962222,9.3833
OPH,16.619167,-10.5667
OPH,17.173056,-15.7167
OPH,17.724444,4.5667
OPH,17.582222,12.5667
OPH,,
OPH,16.962222,9.3833
OPH,16.515278,1.9833
OPH,16.238889,-3.6833
OPH,16.305278,-4.7000
OPH,,
OPH,17.724444,4.5667
OPH,17.798333,2.7167
OPH,18.029167,1.3000
OPH,18.090833,2.5000
OPH,18.010556,2.9333
OPH,,
OPH,16.619167,-10.5667
OPH,16.518889,-16.6167
OPH,16.450556,-18.4667
OPH,16.401667,-20.0333
OPH,16.535556,-21.4667
OPH,,
OPH,17.173056,-15.7167
OPH,17.350278,-21.1000
OPH,17.366667,-25.0000
OPH,17.439444,-24.1833
OPH,,
PAV,20.427222,-56.7333
PAV,20.145278,-66.1833
PAV,20.749167,-66.2000
PAV,21.440833,-65.3667
PAV,20.427222,-56.7333
PAV,,
PAV,20.145278,-66.1833
PAV,18.949167,-67.2500
PAV,18.717222,-71.4333
PAV,20.009722,-72.9000
PAV,20.145278,-66.1833
PAV,,
PAV,18.949167,-67.2500
PAV,18.870278,-62.1833
PAV,18.522778,-62.2667
PAV,18.387222,-61.4833
PAV,18.142778,-63.6667
PAV,18.522778,-62.2667
PAV,,
PAV,18.142778,-63.6667
PAV,17.762222,-64.7333
PAV,,
PSA,22.168889,-32.5500
PSA,22.525000,-32.3500
PSA,22.875278,-32.8667
PSA,22.932500,-32.5333
PSA,22.960833,-29.6167
PSA,22.677778,-27.0500
PSA,22.168889,-32.5500
PSA,21.795556,-30.9000
PSA,21.749167,-33.0333
PSA,22.139722,-33.0000
PSA,22.168889,-32.5500
PSA,,
RET,4.240278,-62.4667
RET,3.736667,-64.8000
RET,3.979167,-61.4000
RET,4.274444,-59.3167
RET,4.240278,-62.4667
RET,,
SCO,17.512778,-37.3000
SCO,17.560000,-37.1000
SCO,17.708056,-39.0333
SCO,17.793056,-40.1167
SCO,17.621944,-43.0000
SCO,17.202500,-43.2333
SCO,16.909722,-42.3500
SCO,16.872222,-38.0167
SCO,16.836111,-34.3000
SCO,16.598056,-28.2167
SCO,16.490278,-26.4333
SCO,16.353333,-25.5833
SCO,16.200000,-19.4667
SCO,16.090556,-19.8000
SCO,16.005556,-22.6167
SCO,,
SCO,16.353333,-25.5833
SCO,15.948333,-29.2167
SCO,15.980833,-26.1167
SCO,,
SCT,18.786111,-4.7500
SCT,18.586667,-8.2500
SCT,18.486667,-14.5667
SCT,,
SER,15.769722,15.4167
SER,15.940833,15.6500
SER,15.812222,18.1333
SER,15.769722,15.4167
SER,15.580278,10.5333
SER,15.738056,6.4167
SER,15.846944,4.4833
SER,15.826944,-3.4167
SER,16.305278,-4.7000
SER,16.463611,-8.3667
SER,17.346944,-12.8500
SER,17.626667,-15.4000
SER,17.690278,-12.8667
SER,17.983611,-9.7833
SER,18.355000,-2.8833
SER,18.090833,2.5000
SER,18.010556,2.9333
SER,18.122500,9.5667
SER,,
SGE,19.979444,19.4833
SGE,19.789722,18.5333
SGE,19.668333,18.0167
SGE,,
SGE,19.789722,18.5333
SGE,19.683889,17.4833
SGE,,
SGR,19.043611,-29.8667
SGR,19.115556,-27.6667
SGR,18.921111,-26.3000
SGR,18.761111,-27.0000
SGR,19.043611,-29.8667
SGR,,
SGR,18.761111,-27.0000
SGR,18.466111,-25.4333
SGR,18.350000,-29.8167
SGR,18.096667,-30.4333
SGR,18.402778,-34.3833
SGR,18.350000,-29.8167
SGR,,
SGR,18.402778,-34.3833
SGR,19.043611,-29.8667
SGR,19.398333,-40.6167
SGR,19.377222,-44.4667
SGR,,
APS,14.797500,-79.0333
APS,16.339167,-78.7000
APS,16.557500,-78.8833
APS,16.717778,-77.5167
APS,16.339167,-78.7000
APS,,
AQL,19.770833,10.6167
AQL,19.424722,3.1167
AQL,19.104167,-4.8833
AQL,19.611944,-1.3000
AQL,19.874722,1.0000
AQL,20.188333,-0.8167
AQL,19.921944,6.4000
AQL,19.846389,8.8667
AQL,19.770833,10.6167
AQL,19.090278,13.8667
AQL,18.993611,15.0667
AQL,,
AQR,22.096389,-0.3167
AQR,22.360833,-1.3833
AQR,22.589167,-0.1167
AQR,22.421111,1.3667
AQR,22.096389,-0.3167
AQR,21.526111,-5.5833
AQR,21.160000,-11.3833
AQR,20.877778,-8.9833
AQR,20.794722,-9.5000
AQR,,
AQR,21.526111,-5.5833
AQR,22.107222,-13.8667
AQR,,
AQR,22.096389,-0.3167
AQR,22.055278,-2.1500
AQR,22.280278,-7.7833
AQR,22.876944,-7.5833
AQR,23.238889,-6.0500
AQR,23.264722,-9.0833
AQR,22.910833,-15.8167
AQR,22.826667,-13.5833
AQR,22.876944,-7.5833
AQR,,
AQR,23.298333,-9.1833
AQR,23.382778,-20.1000
AQR,23.434167,-20.6333
AQR,23.554722,-20.9167
AQR,,
AQR,23.264722,-9.0833
AQR,23.157500,-21.1667
AQR,23.165000,-22.4500
AQR,23.111389,-23.7500
AQR,,
ARA,17.530833,-49.8833
ARA,17.421667,-55.5333
ARA,17.423333,-56.3833
ARA,17.518333,-60.6833
ARA,,
ARA,17.421667,-55.5333
ARA,16.977222,-55.9833
ARA,,
ARA,16.993056,-53.1500
ARA,16.977222,-55.9833
ARA,16.829722,-59.0500
ARA,,
VOL,8.428889,-66.1333
VOL,8.132500,-68.6167
VOL,7.696944,-72.6000
VOL,7.145833,-70.5000
VOL,8.132500,-68.6167
VOL,9.040833,-66.4000
VOL,8.428889,-66.1333
VOL,,
VOL,7.280556,-67.9500
VOL,8.132500,-68.6167
VOL,8.651389,-70.3833
VOL,,
VUL,19.891111,24.0833
VUL,19.478611,24.6667
VUL,19.270278,21.4000
VUL,,
BOO,14.420000,51.8500
BOO,14.273056,46.0833
BOO,13.911389,18.4000
BOO,13.824444,15.8000
BOO,,
BOO,14.534722,38.3167
BOO,14.530556,30.3833
BOO,14.261111,19.1833
BOO,14.685833,13.7167
BOO,14.749722,27.0833
BOO,15.258333,33.3167
BOO,15.032500,40.3833
BOO,14.534722,38.3167
BOO,14.273056,46.0833
BOO,,
BOO,15.258333,33.3167
BOO,15.408333,37.3833
BOO,,
BOO,14.530556,30.3833
BOO,14.578056,29.7500
BOO,14.749722,27.0833
BOO,,
CAP,21.783889,-16.1333
CAP,21.668056,-16.6667
CAP,21.370833,-16.8333
CAP,21.099167,-17.2333
CAP,20.350278,-14.7833
CAP,20.300833,-12.5333
CAP,,
CAP,21.370833,-16.8333
CAP,21.478611,-21.8167
CAP,21.444444,-22.4167
CAP,21.099167,-17.2333
CAP,,
CAP,21.099167,-17.2333
CAP,21.073333,-19.8500
CAP,20.480833,-17.8167
CAP,20.350278,-14.7833
CAP,,
CAP,21.073333,-19.8500
CAP,21.118889,-25.0000
CAP,,
CAP,20.480833,-17.8167
CAP,20.768333,-25.2667
CAP,20.863611,-26.9333
CAP,,
TUC,23.290556,-58.2333
TUC,23.998611,-65.5833
TUC,0.334444,-64.8833
TUC,0.525833,-62.9667
TUC,23.290556,-58.2333
TUC,22.308333,-60.2500
TUC,,
TUC,22.455278,-64.9500
TUC,23.290556,-58.2333
TUC,,
TRA,16.811111,-69.0333
TRA,15.919167,-63.4333
TRA,15.611944,-66.3167
TRA,15.315278,-68.6833
TRA,16.811111,-69.0333
TRA,,
TEL,18.186944,-45.9500
TEL,18.449722,-45.9667
TEL,18.529167,-45.9167
TEL,19.586944,-48.1000
TEL,19.380833,-54.4333
TEL,18.974444,-52.9333
TEL,18.480556,-49.0667
TEL,18.186944,-45.9500
